date,open,high,low,close,adjClose
1969-12-31,100.0,100.0,100.0,100.0,100.0
1970-01-01,100.0,102.06,100.0,101.78,101.78
1970-02-02,101.67,104.97,101.38,104.86,104.86
1970-03-02,104.53,107.99,104.53,106.38,106.38
1970-04-01,105.95,107.18,104.83,106.05,106.05
1970-05-01,105.73,105.73,102.33,102.9,102.9
1970-06-01,103.88,110.2,103.3,110.2,110.2
1970-07-01,109.43,110.91,108.76,109.07,109.07
1970-08-03,109.48,115.3,108.76,114.63,114.63
1970-09-01,113.48,117.49,113.48,116.07,116.07
1970-10-01,115.81,118.67,115.66,115.66,115.66
1970-11-02,115.84,117.73,113.34,114.07,114.07
1970-12-01,114.95,115.24,111.78,115.1,115.1
1971-01-01,115.1,120.95,114.69,120.95,120.95
1971-02-01,122.99,123.8,119.65,119.78,119.78
1971-03-01,120.37,122.3,120.37,121.03,121.03
1971-04-01,122.28,125.63,120.51,121.79,121.79
1971-05-03,122.29,126.28,121.93,126.28,126.28
1971-06-01,126.4,128.89,125.0,125.0,125.0
1971-07-01,125.6,127.47,124.26,125.84,125.84
1971-08-02,126.02,127.01,124.8,125.27,125.27
1971-09-01,125.52,126.85,123.52,125.26,125.26
1971-10-01,125.9,131.18,125.2,131.06,131.06
1971-11-01,130.87,135.22,130.87,134.5,134.5
1971-12-01,135.09,139.85,135.04,139.36,139.36
1972-01-03,138.9,147.14,138.9,144.75,144.75
1972-02-01,142.94,145.03,142.29,144.35,144.35
1972-03-01,143.89,147.58,143.77,146.26,146.26
1972-04-03,145.52,150.54,145.52,150.54,150.54
1972-05-01,150.61,154.06,149.92,154.06,154.06
1972-06-01,153.28,158.14,153.08,158.14,158.14
1972-07-03,160.76,161.33,156.5,156.71,156.71
1972-08-01,157.65,166.65,157.65,166.07,166.07
1972-09-01,167.32,180.87,167.32,178.64,178.64
1972-10-02,175.64,176.94,174.09,176.83,176.83
1972-11-01,176.87,183.79,174.82,183.79,183.79
1972-12-01,185.95,198.49,185.95,198.49,198.49
1973-01-01,198.49,210.08,198.45,205.27,205.27
1973-02-01,207.79,214.17,199.69,214.17,214.17
1973-03-01,217.89,220.02,206.67,209.07,209.07
1973-04-02,209.28,221.69,206.62,221.69,221.69
1973-05-01,221.35,263.85,219.6,262.12,262.12
1973-06-01,266.22,272.73,254.74,257.68,257.68
1973-07-02,264.97,324.09,259.42,324.09,324.09
1973-08-01,325.01,369.78,325.01,332.06,332.06
1973-09-03,332.06,332.06,308.23,315.38,315.38
1973-10-01,312.09,326.42,293.03,298.56,298.56
1973-11-01,301.39,324.79,296.8,314.19,314.19
1973-12-03,313.85,347.27,313.85,347.27,347.27
1974-01-01,347.27,389.16,347.27,386.02,386.02
1974-02-01,385.59,413.93,376.23,383.97,383.97
1974-03-01,387.46,387.46,339.69,339.78,339.78
1974-04-01,330.25,354.49,321.82,343.54,343.54
1974-05-01,339.88,343.72,316.12,320.3,320.3
1974-06-03,320.24,363.78,319.31,360.07,360.07
1974-07-01,371.47,445.88,368.67,445.88,445.88
1974-08-01,438.7,450.49,421.28,424.01,424.01
1974-09-02,424.01,475.31,412.66,475.31,475.31
1974-10-01,467.8,518.09,467.8,518.09,518.09
1974-11-01,515.49,561.26,515.49,528.17,528.17
1974-12-02,513.58,514.09,473.4,484.49,484.49
1975-01-01,484.49,484.49,400.46,408.74,408.74
1975-02-03,404.34,420.43,366.18,366.18,366.18
1975-03-03,362.46,397.12,362.46,397.12,397.12
1975-04-01,395.38,397.57,378.8,378.8,378.8
1975-05-01,378.2,383.82,364.53,373.11,373.11
1975-06-02,367.98,390.89,367.98,379.26,379.26
1975-07-01,371.9,434.46,369.56,408.96,408.96
1975-08-01,411.17,465.3,411.17,448.24,448.24
1975-09-01,448.24,464.77,441.84,453.35,453.35
1975-10-01,458.17,458.17,416.9,416.9,416.9
1975-11-03,413.3,421.91,406.14,411.82,411.82
1975-12-01,413.23,417.81,390.58,401.05,401.05
1976-01-01,401.05,408.64,377.42,381.86,381.86
1976-02-02,390.32,412.17,385.33,403.7,403.7
1976-03-01,397.26,405.4,395.09,404.53,404.53
1976-04-01,405.93,434.94,405.93,420.1,420.1
1976-05-03,422.41,427.7,408.01,427.7,427.7
1976-06-01,428.45,438.71,420.37,420.56,420.56
1976-07-01,425.41,427.87,383.33,383.33,383.33
1976-08-02,374.84,388.39,372.16,372.55,372.55
1976-09-01,373.09,383.78,335.73,335.73,335.73
1976-10-01,333.43,354.62,331.59,331.59,331.59
1976-11-01,331.42,343.45,329.83,336.32,336.32
1976-12-01,338.26,353.81,338.26,353.23,353.23
1977-01-03,351.05,356.29,343.07,352.29,352.29
1977-02-01,354.21,360.36,351.42,351.42,351.42
1977-03-01,355.35,373.82,353.8,364.21,364.21
1977-04-01,365.2,387.58,364.02,383.26,383.26
1977-05-02,387.66,387.66,366.92,370.1,370.1
1977-06-01,367.12,370.43,344.47,361.14,361.14
1977-07-01,360.23,360.23,330.39,330.39,330.39
1977-08-01,326.73,335.28,325.61,333.63,333.63
1977-09-01,332.41,348.24,332.41,345.8,345.8
1977-10-03,348.27,357.31,346.2,355.75,355.75
1977-11-01,359.72,372.3,355.2,370.87,370.87
1977-12-01,371.91,389.86,370.08,389.86,389.86
1978-01-02,389.86,402.43,385.62,402.43,402.43
1978-02-01,404.79,414.42,403.7,408.77,408.77
1978-03-01,413.35,458.99,412.73,450.97,450.97
1978-04-03,446.12,463.97,446.12,460.66,460.66
1978-05-01,462.09,505.39,458.9,495.79,495.79
1978-06-01,488.2,488.2,440.01,449.49,449.49
1978-07-03,451.0,461.84,434.4,461.74,461.74
1978-08-01,453.92,478.69,451.66,474.34,474.34
1978-09-01,479.75,501.36,477.76,501.02,501.02
1978-10-02,508.88,520.47,491.0,506.05,506.05
1978-11-01,494.6,524.81,494.6,519.15,519.15
1978-12-01,523.66,527.64,508.12,513.08,513.08
1979-01-01,513.08,550.09,513.08,550.09,550.09
1979-02-01,544.85,582.29,544.85,582.29,582.29
1979-03-01,587.59,589.15,569.85,571.95,571.95
1979-04-02,571.64,606.17,565.83,606.17,606.17
1979-05-01,604.72,607.23,572.25,577.61,577.61
1979-06-01,571.42,612.66,569.86,585.34,585.34
1979-07-02,590.97,616.94,559.97,560.91,560.91
1979-08-01,559.96,625.51,552.3,625.51,625.51
1979-09-03,625.51,652.39,615.09,652.39,652.39
1979-10-01,670.02,670.02,620.17,631.74,631.74
1979-11-01,631.39,682.42,631.39,675.53,675.53
1979-12-03,677.81,690.6,656.22,686.56,686.56
1980-01-01,686.56,727.92,672.74,727.92,727.92
1980-02-01,729.66,762.28,719.32,721.19,721.19
1980-03-03,731.12,734.36,620.39,620.39,620.39
1980-04-01,610.17,659.7,608.95,643.38,643.38
1980-05-01,646.79,696.4,646.79,682.5,682.5
1980-06-02,669.92,720.92,660.55,720.92,720.92
1980-07-01,724.76,755.15,716.19,755.15,755.15
1980-08-01,758.95,774.03,752.34,767.3,767.3
1980-09-01,767.3,822.38,767.3,810.18,810.18
1980-10-01,815.81,853.52,802.9,835.6,835.6
1980-11-03,848.46,851.1,811.98,824.0,824.0
1980-12-01,802.59,806.59,722.83,762.66,762.66
1981-01-01,762.66,780.5,709.26,714.2,714.2
1981-02-02,704.36,731.92,693.47,693.47,693.47
1981-03-02,675.38,692.3,661.01,692.3,692.3
1981-04-01,688.17,696.38,680.63,682.85,682.85
1981-05-01,683.75,686.55,652.36,686.55,686.55
1981-06-01,681.8,685.16,642.93,642.93,642.93
1981-07-01,648.57,672.16,648.57,672.16,672.16
1981-08-03,664.64,670.65,643.68,650.09,650.09
1981-09-01,653.19,670.53,649.26,649.26,649.26
1981-10-01,647.27,660.76,642.04,651.22,651.22
1981-11-02,648.7,650.43,613.08,621.87,621.87
1981-12-01,622.91,623.97,576.82,587.18,587.18
1982-01-01,587.18,634.12,587.18,634.12,634.12
1982-02-01,635.5,640.23,619.87,619.87,619.87
1982-03-01,622.86,642.99,622.86,642.99,642.99
1982-04-01,648.72,670.57,648.05,666.17,666.17
1982-05-03,664.51,674.67,663.71,667.68,667.68
1982-06-01,654.01,654.01,623.62,647.59,647.59
1982-07-01,654.07,670.81,636.66,661.66,661.66
1982-08-02,667.14,679.71,655.1,660.17,660.17
1982-09-01,663.08,674.68,640.87,640.87,640.87
1982-10-01,631.85,657.37,627.03,637.15,637.15
1982-11-01,636.27,662.85,636.27,662.58,662.58
1982-12-01,661.75,664.81,643.81,655.05,655.05
1983-01-03,657.98,683.63,657.88,659.62,659.62
1983-02-01,665.59,679.84,652.08,652.08,652.08
1983-03-01,660.47,696.02,657.05,696.02,696.02
1983-04-01,696.02,715.5,696.02,702.84,702.84
1983-05-02,696.18,710.24,693.11,706.54,706.54
1983-06-01,700.31,724.19,700.31,715.59,715.59
1983-07-01,713.52,743.16,710.03,740.79,740.79
1983-08-01,750.84,774.84,750.84,753.78,753.78
1983-09-01,750.04,757.6,733.3,733.3,733.3
1983-10-03,724.35,739.98,722.04,724.35,724.35
1983-11-01,727.95,739.53,720.77,724.98,724.98
1983-12-01,729.01,770.8,724.87,761.53,761.53
1984-01-02,761.53,781.46,747.23,769.52,769.52
1984-02-01,782.03,782.03,744.4,773.2,773.2
1984-03-01,775.86,811.16,775.86,811.16,811.16
1984-04-02,814.84,820.57,802.04,802.04,802.04
1984-05-01,804.01,839.23,804.01,825.33,825.33
1984-06-01,823.25,823.59,797.07,806.68,806.68
1984-07-02,799.02,799.02,750.06,752.5,752.5
1984-08-01,763.8,790.01,763.8,784.8,784.8
1984-09-03,784.8,786.69,777.43,778.64,778.64
1984-10-01,782.09,783.01,761.04,782.2,782.2
1984-11-01,788.77,794.41,782.83,785.17,785.17
1984-12-03,782.38,786.67,763.94,769.53,769.53
1985-01-01,769.53,779.97,755.45,779.24,779.24
1985-02-01,785.96,788.71,758.62,769.01,769.01
1985-03-01,774.0,808.45,773.86,802.25,802.25
1985-04-01,802.77,809.61,776.3,776.3,776.3
1985-05-01,774.58,784.71,759.61,776.22,776.22
1985-06-03,777.95,777.95,751.48,753.6,753.6
1985-07-01,741.95,759.32,730.88,736.66,736.66
1985-08-01,737.32,751.23,736.69,747.69,747.69
1985-09-02,747.69,790.21,738.59,790.21,790.21
1985-10-01,792.62,847.43,792.62,847.43,847.43
1985-11-01,852.34,862.52,838.53,862.18,862.18
1985-12-02,864.01,864.01,826.19,846.58,846.58
1986-01-01,846.58,846.58,769.77,769.77,769.77
1986-02-03,749.35,766.36,725.98,742.95,742.95
1986-03-03,729.6,780.84,729.6,741.3,741.3
1986-04-01,743.01,783.06,716.51,783.06,783.06
1986-05-01,772.88,806.61,753.66,753.66,753.66
1986-06-02,749.69,793.3,739.79,782.16,782.16
1986-07-01,775.64,805.56,755.67,789.71,789.71
1986-08-01,797.37,857.51,797.37,857.51,857.51
1986-09-01,857.51,868.66,829.77,835.84,835.84
1986-10-01,840.93,849.89,823.58,844.64,844.64
1986-11-03,847.35,870.21,847.35,870.21,870.21
1986-12-01,880.97,880.97,853.75,863.89,863.89
1987-01-01,863.89,913.31,863.89,913.31,913.31
1987-02-02,907.83,907.83,849.92,858.47,858.47
1987-03-02,857.5,932.38,857.5,927.82,927.82
1987-04-01,930.01,974.43,923.55,974.43,974.43
1987-05-01,977.31,1027.1,977.31,1019.4,1019.4
1987-06-01,1023.5,1055.8,1023.5,1055.8,1055.8
1987-07-01,1061.6,1102.9,1061.6,1102.9,1102.9
1987-08-03,1122.4,1122.4,1048.1,1080.6,1080.6
1987-09-01,1079.2,1099.7,1070.6,1088.6,1088.6
1987-10-01,1098.4,1134.2,1098.4,1100.0,1100.0
1987-11-02,1084.1,1111.4,1071.7,1099.8,1099.8
1987-12-01,1098.9,1101.2,1027.9,1069.2,1069.2
1988-01-01,1069.2,1128.7,1069.2,1097.6,1097.6
1988-02-01,1096.0,1137.1,1080.7,1085.5,1085.5
1988-03-01,1077.2,1147.5,1062.3,1140.2,1140.2
1988-04-01,1140.2,1188.5,1131.7,1175.6,1175.6
1988-05-02,1147.2,1217.1,1147.2,1217.1,1217.1
1988-06-01,1219.5,1232.1,1180.1,1183.1,1183.1
1988-07-01,1185.4,1227.8,1172.1,1190.1,1190.1
1988-08-01,1195.3,1201.2,1163.1,1182.1,1182.1
1988-09-01,1183.7,1198.4,1147.9,1149.8,1149.8
1988-10-03,1143.2,1231.5,1131.2,1205.4,1205.4
1988-11-01,1201.9,1274.7,1183.0,1274.7,1274.7
1988-12-01,1285.3,1367.9,1269.0,1367.9,1367.9
1989-01-02,1367.9,1415.8,1367.9,1373.6,1373.6
1989-02-01,1384.3,1432.6,1346.9,1432.6,1432.6
1989-03-01,1436.4,1536.0,1436.4,1529.3,1529.3
1989-04-03,1518.8,1607.0,1499.5,1577.9,1577.9
1989-05-01,1593.2,1593.2,1520.7,1557.7,1557.7
1989-06-01,1555.5,1632.7,1524.7,1612.2,1612.2
1989-07-03,1606.3,1622.1,1553.9,1566.9,1566.9
1989-08-01,1552.1,1621.3,1551.5,1621.3,1621.3
1989-09-01,1615.2,1717.9,1615.2,1717.9,1717.9
1989-10-02,1711.3,1740.2,1691.8,1705.8,1705.8
1989-11-01,1721.1,1747.4,1701.8,1733.3,1733.3
1989-12-01,1747.0,1891.6,1744.0,1891.6,1891.6
1990-01-01,1891.6,1970.2,1844.7,1883.3,1883.3
1990-02-01,1880.8,1908.5,1860.5,1877.2,1877.2
1990-03-01,1848.1,1898.1,1842.7,1890.9,1890.9
1990-04-02,1909.2,1911.6,1828.9,1871.1,1871.1
1990-05-01,1893.1,1926.0,1857.3,1857.3,1857.3
1990-06-01,1852.6,1853.7,1809.8,1828.5,1828.5
1990-07-02,1832.5,1979.4,1806.7,1979.4,1979.4
1990-08-01,2005.4,2589.6,2005.4,2307.8,2307.8
1990-09-03,2307.8,2839.0,2307.8,2837.2,2837.2
1990-10-01,2735.2,2864.4,2436.6,2665.5,2665.5
1990-11-01,2673.3,2701.8,2458.1,2490.6,2490.6
1990-12-03,2449.4,2502.1,2283.5,2441.6,2441.6
1991-01-01,2441.6,2591.4,2096.3,2212.4,2212.4
1991-02-01,2198.4,2280.5,2148.2,2243.2,2243.2
1991-03-01,2256.4,2362.6,2256.4,2327.6,2327.6
1991-04-01,2314.2,2422.5,2314.2,2380.3,2380.3
1991-05-01,2400.0,2431.0,2376.2,2379.1,2379.1
1991-06-03,2383.2,2383.2,2298.4,2322.8,2322.8
1991-07-01,2332.2,2441.4,2326.2,2441.4,2441.4
1991-08-01,2428.0,2479.0,2404.3,2479.0,2479.0
1991-09-02,2479.0,2510.0,2441.9,2498.6,2498.6
1991-10-01,2499.1,2608.4,2499.1,2570.3,2570.3
1991-11-01,2592.3,2600.1,2450.0,2466.4,2466.4
1991-12-02,2441.2,2441.2,2259.3,2291.9,2291.9
1992-01-01,2291.9,2373.3,2236.0,2354.9,2354.9
1992-02-03,2363.2,2439.0,2304.0,2329.0,2329.0
1992-03-02,2307.3,2359.5,2307.3,2355.1,2355.1
1992-04-01,2377.8,2425.6,2364.1,2425.6,2425.6
1992-05-01,2432.8,2490.8,2387.3,2490.8,2490.8
1992-06-01,2491.8,2537.9,2477.1,2477.1,2477.1
1992-07-01,2481.5,2492.3,2429.2,2442.6,2442.6
1992-08-03,2430.5,2452.0,2395.3,2445.1,2445.1
1992-09-01,2455.5,2497.4,2455.5,2473.1,2473.1
1992-10-01,2486.3,2526.7,2415.1,2418.8,2418.8
1992-11-02,2439.9,2439.9,2387.8,2387.8,2387.8
1992-12-01,2363.5,2419.5,2326.7,2393.2,2393.2
1993-01-01,2393.2,2428.3,2345.4,2422.2,2422.2
1993-02-01,2423.4,2450.4,2380.1,2450.4,2450.4
1993-03-01,2448.4,2501.4,2447.2,2501.4,2501.4
1993-04-01,2506.1,2509.5,2445.3,2474.6,2474.6
1993-05-03,2480.0,2480.0,2405.7,2405.7,2405.7
1993-06-01,2408.4,2408.4,2311.5,2330.4,2330.4
1993-07-01,2323.7,2351.0,2263.0,2310.3,2310.3
1993-08-02,2321.4,2356.2,2298.2,2329.3,2329.3
1993-09-01,2309.9,2335.2,2252.7,2335.2,2335.2
1993-10-01,2335.1,2358.5,2251.3,2251.3,2251.3
1993-11-01,2273.7,2273.7,2138.4,2138.4,2138.4
1993-12-01,2146.3,2146.3,2081.1,2098.2,2098.2
1994-01-03,2111.2,2269.0,2111.2,2269.0,2269.0
1994-02-01,2313.9,2327.0,2202.9,2219.7,2219.7
1994-03-01,2219.3,2221.5,2156.8,2193.2,2193.2
1994-04-01,2193.2,2276.0,2193.2,2250.7,2250.7
1994-05-02,2248.1,2291.0,2228.1,2284.2,2284.2
1994-06-01,2268.9,2392.4,2241.5,2340.4,2340.4
1994-07-01,2347.0,2380.7,2285.0,2380.7,2380.7
1994-08-01,2400.6,2400.6,2195.2,2220.2,2220.2
1994-09-01,2221.4,2243.3,2168.0,2199.3,2199.3
1994-10-03,2197.7,2223.2,2142.8,2209.2,2209.2
1994-11-01,2227.6,2231.5,2133.19,2136.92,2136.92
1994-12-01,2125.15,2209.27,2085.5,2209.27,2209.27
1995-01-02,2209.27,2209.27,2122.68,2154.37,2154.37
1995-02-01,2156.45,2185.55,2135.49,2171.77,2171.77
1995-03-01,2161.24,2208.49,2137.64,2201.35,2201.35
1995-04-03,2203.51,2274.5,2203.51,2268.76,2268.76
1995-05-01,2287.43,2308.65,2225.27,2249.6,2249.6
1995-06-01,2265.89,2282.62,2209.46,2209.46,2209.46
1995-07-03,2207.16,2267.16,2177.78,2267.16,2267.16
1995-08-01,2244.52,2315.22,2233.49,2315.22,2315.22
1995-09-01,2330.56,2364.72,2310.63,2325.0,2325.0
1995-10-02,2348.56,2348.56,2290.21,2348.4,2348.4
1995-11-01,2354.01,2432.25,2354.01,2411.8,2411.8
1995-12-01,2434.88,2700.74,2434.88,2658.46,2658.46
1996-01-01,2658.46,2731.59,2474.6,2654.16,2654.16
1996-02-01,2629.19,2781.13,2557.38,2760.56,2760.56
1996-03-01,2730.23,2973.4,2721.95,2940.01,2940.01
1996-04-01,2977.99,3200.03,2977.99,3109.74,3109.74
1996-05-01,3120.01,3203.61,3085.18,3085.18,3085.18
1996-06-03,3081.23,3204.88,3030.04,3204.88,3204.88
1996-07-01,3221.77,3302.15,3018.9,3053.21,3053.21
1996-08-01,3117.91,3235.86,3090.96,3151.53,3151.53
1996-09-02,3151.53,3277.24,3151.53,3263.31,3263.31
1996-10-01,3249.35,3392.59,3247.27,3255.23,3255.23
1996-11-01,3237.07,3541.17,3214.59,3526.12,3526.12
1996-12-02,3525.78,3771.5,3470.55,3560.13,3560.13
1997-01-01,3560.13,3788.29,3507.79,3507.79,3507.79
1997-02-03,3490.65,3516.79,3262.0,3265.97,3265.97
1997-03-03,3267.61,3382.76,3267.61,3321.06,3321.06
1997-04-01,3303.1,3397.89,3221.51,3397.89,3397.89
1997-05-01,3398.76,3511.74,3352.49,3422.19,3422.19
1997-06-02,3391.47,3391.47,3189.24,3237.05,3237.05
1997-07-01,3244.68,3369.67,3169.98,3369.67,3369.67
1997-08-01,3409.33,3471.73,3367.9,3454.89,3454.89
1997-09-01,3454.89,3576.66,3404.93,3542.28,3542.28
1997-10-01,3537.38,3695.48,3526.51,3639.73,3639.73
1997-11-03,3597.18,3597.18,3280.88,3280.88,3280.88
1997-12-01,3294.24,3294.24,3059.17,3059.17,3059.17
1998-01-01,3059.17,3059.17,2897.29,3009.865,3009.865
1998-02-02,3007.59,3007.59,2782.39,2811.26,2811.26
1998-03-02,2809.94,2864.69,2646.6,2796.66,2796.66
1998-04-01,2775.47,2804.91,2719.7,2720.4,2720.4
1998-05-01,2764.26,2764.26,2561.86,2592.06,2592.06
1998-06-01,2574.14,2574.14,2402.62,2500.16,2500.16
1998-07-01,2496.61,2496.61,2303.62,2303.62,2303.62
1998-08-03,2266.38,2306.79,2167.67,2167.67,2167.67
1998-09-01,2205.84,2389.22,2197.35,2389.22,2389.22
1998-10-01,2343.0,2367.24,2250.43,2277.14,2277.14
1998-11-02,2274.36,2274.36,2000.07,2000.07,2000.07
1998-12-01,1995.12,2020.06,1902.2,1965.65,1965.65
1999-01-01,1965.65,2067.35,1928.25,1974.23,1974.23
1999-02-01,1948.96,1955.81,1869.31,1883.44,1883.44
1999-03-01,1888.23,2206.3,1888.23,2201.42,2201.42
1999-04-01,2186.3,2292.4,2133.23,2292.4,2292.4
1999-05-03,2302.59,2314.61,2165.51,2167.31,2167.31
1999-06-01,2136.7,2306.7,2136.7,2306.7,2306.7
1999-07-01,2296.95,2409.35,2283.19,2389.45,2389.45
1999-08-02,2419.05,2557.63,2415.36,2557.63,2557.63
1999-09-01,2552.66,2719.99,2510.73,2693.28,2693.28
1999-10-01,2693.79,2693.79,2475.78,2554.39,2554.39
1999-11-01,2586.58,2788.959,2575.52,2657.75,2657.75
1999-12-01,2676.57,2811.95,2676.57,2770.01,2770.01
2000-01-03,2766.77,3005.56,2689.98,2970.29,2970.29
2000-02-01,3013.52,3155.86,2976.14,3155.86,3155.86
2000-03-01,3251.42,3387.09,3073.64,3119.23,3119.23
2000-04-03,3087.48,3116.24,2919.58,3090.82,3090.82
2000-05-01,3126.47,3523.05,3126.47,3436.91,3436.91
2000-06-01,3483.54,3714.35,3460.31,3681.85,3681.85
2000-07-03,3678.73,3678.73,3399.09,3399.09,3399.09
2000-08-01,3431.42,3927.23,3431.42,3922.85,3922.85
2000-09-01,3938.15,4161.688,3828.5,3869.14,3869.14
2000-10-02,3969.73,4266.148,3860.42,3877.86,3877.86
2000-11-01,3922.45,4338.48,3895.4,4235.219,4235.219
2000-12-01,4129.406,4245.488,3929.4,4147.898,4147.898
2001-01-01,4147.898,4208.566,3927.75,3927.75,3927.75
2001-02-01,4071.4,4205.27,3872.93,3872.93,3872.93
2001-03-01,3887.73,4006.54,3721.13,3721.13,3721.13
2001-04-02,3688.73,4024.93,3688.73,3920.97,3920.97
2001-05-01,3951.32,3978.64,3809.28,3809.28,3809.28
2001-06-01,3795.96,3890.36,3495.54,3533.71,3533.71
2001-07-02,3508.6,3645.7,3445.52,3542.17,3542.17
2001-08-01,3538.92,3640.71,3527.99,3576.03,3576.03
2001-09-03,3576.03,3767.12,3091.33,3184.24,3184.24
2001-10-01,3163.58,3170.49,2997.7,3023.67,3023.67
2001-11-01,2966.45,3059.61,2730.68,2861.28,2861.28
2001-12-03,2889.03,2916.22,2729.8,2823.35,2823.35
2002-01-01,2823.35,2929.87,2695.53,2735.26,2735.26
2002-02-01,2804.82,2867.57,2744.52,2854.74,2854.74
2002-03-01,2915.89,3239.61,2915.89,3239.61,3239.61
2002-04-01,3294.56,3383.12,2989.65,3275.47,3275.47
2002-05-01,3230.24,3389.44,3085.49,3132.95,3132.95
2002-06-03,3128.46,3240.01,3045.5,3240.01,3240.01
2002-07-01,3256.99,3319.7,3180.51,3258.75,3258.75
2002-08-01,3208.95,3485.86,3191.6,3455.84,3455.84
2002-09-02,3455.84,3629.27,3367.59,3613.65,3613.65
2002-10-01,3639.06,3639.06,3411.22,3443.14,3443.14
2002-11-01,3438.37,3449.06,3229.67,3435.66,3435.66
2002-12-02,3476.98,3864.67,3421.92,3728.76,3728.76
2003-01-01,3728.76,4075.06,3728.76,4064.02,4064.02
2003-02-03,4032.36,4556.68,4032.36,4556.68,4556.68
2003-03-03,4434.797,4552.406,3668.87,3900.01,3900.01
2003-04-01,3817.55,3906.35,3608.76,3660.66,3660.66
2003-05-01,3665.54,4011.64,3632.09,4011.64,4011.64
2003-06-02,4104.09,4176.398,3926.79,4020.44,4020.44
2003-07-01,4031.15,4113.258,3950.28,4049.07,4049.07
2003-08-01,4199.547,4273.77,4134.18,4214.527,4214.527
2003-09-01,4214.527,4214.527,3844.4,4042.42,4042.42
2003-10-01,4053.64,4378.77,4053.64,4130.977,4130.977
2003-11-03,4081.73,4415.047,4070.3,4236.688,4236.688
2003-12-01,4256.77,4692.34,4256.77,4501.27,4501.27
2004-01-01,4501.27,4786.449,4501.27,4518.906,4518.906
2004-02-02,4631.379,4854.227,4461.227,4854.227,4854.227
2004-03-01,4929.977,5032.848,4766.066,4951.777,4951.777
2004-04-01,4858.129,5096.449,4828.797,5088.348,5088.348
2004-05-03,5184.137,5490.398,5184.137,5323.777,5323.777
2004-06-01,5575.02,5575.02,4966.77,5073.559,5073.559
2004-07-01,5213.59,5466.898,5195.387,5466.898,5466.898
2004-08-02,5440.559,5722.207,5254.617,5254.617,5254.617
2004-09-01,5400.457,5917.43,5252.34,5917.43,5917.43
2004-10-01,5945.199,6473.316,5909.238,6162.906,6162.906
2004-11-01,6019.887,6077.727,5654.949,5864.777,5864.777
2004-12-01,5592.738,5648.816,5164.699,5278.977,5278.977
2005-01-03,5173.25,5747.457,5173.25,5635.918,5635.918
2005-02-01,5557.078,5986.816,5354.457,5986.816,5986.816
2005-03-01,5974.309,6460.277,5974.309,6439.379,6439.379
2005-04-01,6573.738,6573.738,5856.559,5856.559,5856.559
2005-05-02,5915.219,5944.027,5581.707,5813.637,5813.637
2005-06-01,6044.816,6457.25,5974.406,6150.559,6150.559
2005-07-01,6328.25,6615.457,6184.789,6488.547,6488.547
2005-08-01,6598.758,7509.227,6571.637,7471.137,7471.137
2005-09-01,7634.129,7634.129,6918.359,7472.477,7472.477
2005-10-03,7433.84,7433.84,6700.938,6700.938,6700.938
2005-11-01,6672.656,6781.957,6315.949,6443.098,6443.098
2005-12-01,6590.969,7011.469,6400.0,6627.918,6627.918
2006-01-02,6627.918,6956.207,6597.789,6915.18,6915.18
2006-02-01,6785.477,6785.477,6051.289,6216.449,6216.449
2006-03-01,6254.758,6606.297,6108.059,6535.379,6535.379
2006-04-03,6577.117,7255.879,6519.898,6949.289,6949.289
2006-05-01,7087.18,7254.09,6746.148,6895.805,6895.805
2006-06-01,6849.07,7007.922,6604.625,6975.965,6975.965
2006-07-03,6989.699,7261.305,6903.469,7115.848,7115.848
2006-08-01,7119.289,7223.273,6575.805,6599.414,6599.414
2006-09-01,6503.195,6503.195,5749.309,5892.852,5892.852
2006-10-02,5786.703,5974.348,5642.941,5741.508,5741.508
2006-11-01,5746.828,6058.906,5667.844,6058.906,6058.906
2006-12-01,6043.574,6043.574,5592.457,5627.641,5627.641
2007-01-01,5627.641,5627.641,5044.777,5498.773,5498.773
2007-02-01,5439.199,5764.957,5432.656,5735.055,5735.055
2007-03-01,5736.121,5920.547,5511.93,5920.547,5920.547
2007-04-02,5910.965,5941.949,5763.086,5904.262,5904.262
2007-05-01,5861.605,5953.023,5723.328,5812.547,5812.547
2007-06-01,5876.402,6100.051,5800.387,5999.781,5999.781
2007-07-02,6037.414,6332.527,6037.414,6332.527,6332.527
2007-08-01,6247.504,6247.504,5816.441,6067.395,6067.395
2007-09-03,6067.395,6752.73,6067.395,6687.836,6687.836
2007-10-01,6623.773,7330.332,6465.875,7330.332,7330.332
2007-11-01,7271.762,7539.977,7059.313,7059.313,7059.313
2007-12-03,7071.422,7512.047,7006.867,7466.297,7466.297
2008-01-01,7466.297,7720.133,7072.57,7464.395,7464.395
2008-02-01,7307.609,8376.438,7274.148,8304.773,8304.773
2008-03-03,8373.492,8809.824,8114.457,8207.262,8207.262
2008-04-01,8129.242,9192.73,8129.242,8860.934,8860.934
2008-05-01,8741.801,10033.72,8741.801,9667.629,9667.629
2008-06-02,9737.934,10608.88,9431.309,10558.65,10558.65
2008-07-01,10636.48,10898.1,9184.113,9267.715,9267.715
2008-08-01,9296.41,9296.41,8463.219,8609.477,8609.477
2008-09-01,8609.477,8609.477,7155.68,7538.305,7538.305
2008-10-01,7429.164,7429.164,5122.727,5412.613,5412.613
2008-11-03,5235.656,5627.418,4322.945,4609.336,4609.336
2008-12-01,4316.117,4316.117,3532.27,3995.392,3995.392
2009-01-01,3995.392,4316.043,3579.518,3638.249,3638.249
2009-02-02,3541.1,3626.573,3116.661,3416.291,3416.291
2009-03-02,3196.638,3801.348,3196.638,3570.22,3570.22
2009-04-01,3507.647,3739.823,3456.89,3537.422,3537.422
2009-05-01,3664.689,4233.059,3664.689,4233.059,4233.059
2009-06-01,4380.348,4520.953,4183.223,4257.234,4257.234
2009-07-01,4245.137,4276.148,3793.766,4276.148,4276.148
2009-08-03,4415.332,4456.066,4155.508,4175.0,4175.0
2009-09-01,4077.663,4274.68,3984.875,4182.207,4182.207
2009-10-01,4154.285,4679.484,4105.664,4427.816,4427.816
2009-11-02,4488.672,4575.41,4401.18,4495.313,4495.313
2009-12-01,4541.383,4541.383,4225.609,4534.168,4534.168
2010-01-01,4534.168,4735.234,4176.223,4176.223,4176.223
2010-02-01,4237.105,4450.148,4079.466,4408.355,4408.355
2010-03-01,4368.016,4510.684,4348.02,4493.672,4493.672
2010-04-01,4557.699,4646.34,4491.773,4618.371,4618.371
2010-05-03,4644.402,4644.402,3822.464,4009.247,4009.247
2010-06-01,3951.125,4169.379,3893.579,4025.973,4025.973
2010-07-01,3936.786,4252.641,3905.163,4252.641,4252.641
2010-08-02,4350.695,4409.27,3979.122,4017.692,4017.692
2010-09-01,4097.859,4358.719,4097.859,4358.719,4358.719
2010-10-01,4386.305,4531.559,4373.07,4470.16,4470.16
2010-11-01,4511.516,4745.949,4394.484,4518.551,4518.551
2010-12-01,4653.77,4943.41,4653.77,4943.41,4943.41
2011-01-03,4961.445,5094.273,4826.457,5094.273,5094.273
2011-02-01,5094.781,5285.082,4970.617,5285.082,5285.082
2011-03-01,5372.547,5515.059,5117.273,5515.059,5515.059
2011-04-01,5559.316,5775.289,5545.891,5758.367,5758.367
2011-05-02,5724.59,5724.59,5101.293,5361.707,5361.707
2011-06-01,5280.73,5384.91,4879.68,5077.246,5077.246
2011-07-01,5042.848,5318.309,5042.848,5200.871,5200.871
2011-08-01,5185.734,5185.734,4652.289,5104.938,5104.938
2011-09-01,5072.328,5084.516,4483.727,4483.727,4483.727
2011-10-03,4442.93,4990.441,4370.012,4920.719,4920.719
2011-11-01,4873.152,5103.148,4824.309,4990.426,4990.426
2011-12-01,4963.281,5003.156,4680.609,4885.254,4885.254
2012-01-02,4885.254,5076.43,4885.254,4994.305,4994.305
2012-02-01,4994.969,5387.617,4971.867,5297.133,5297.133
2012-03-01,5370.09,5370.09,5135.109,5172.637,5172.637
2012-04-02,5260.461,5260.461,5046.063,5146.086,5146.086
2012-05-01,5166.598,5166.598,4478.227,4478.227,4478.227
2012-06-01,4363.949,4532.027,4226.176,4532.027,4532.027
2012-07-02,4516.582,4964.105,4516.582,4820.879,4820.879
2012-08-01,4834.441,5140.207,4779.273,5127.734,5127.734
2012-09-03,5127.734,5270.844,4949.559,5054.805,5054.805
2012-10-01,5064.316,5108.375,4834.504,4849.289,4849.289
2012-11-01,4857.824,4924.793,4760.613,4920.914,4920.914
2012-12-03,4926.477,4926.477,4773.891,4889.008,4889.008
2013-01-01,4889.008,5106.406,4889.008,5102.043,5102.043
2013-02-01,5129.902,5129.902,4878.305,4878.305,4878.305
2013-03-01,4836.453,4936.359,4819.707,4915.852,4915.852
2013-04-01,4901.262,4901.262,4507.258,4683.328,4683.328
2013-05-01,4582.988,4760.477,4582.988,4613.59,4613.59
2013-06-03,4666.836,4809.973,4614.832,4624.387,4624.387
2013-07-01,4660.086,4945.789,4660.086,4851.594,4851.594
2013-08-01,4913.379,5103.535,4779.418,5015.387,5015.387
2013-09-02,5015.387,5070.969,4845.281,4845.281,4845.281
2013-10-01,4823.016,4924.246,4775.371,4775.371,4775.371
2013-11-01,4696.461,4770.598,4637.004,4738.145,4738.145
2013-12-02,4764.223,4893.441,4762.918,4829.465,4829.465
2014-01-01,4829.465,4829.465,4625.578,4750.434,4750.434
2014-02-03,4726.438,4993.063,4726.438,4964.594,4964.594
2014-03-03,5045.418,5045.418,4882.027,4971.531,4971.531
2014-04-01,4910.066,5077.293,4880.988,5008.402,5008.402
2014-05-01,4978.453,5067.109,4977.266,4999.617,4999.617
2014-06-02,4990.605,5185.195,4971.602,5105.461,5105.461
2014-07-01,5098.59,5098.59,4835.016,4835.016,4835.016
2014-08-01,4802.34,4823.59,4666.438,4755.742,4755.742
2014-09-01,4755.742,4755.742,4469.266,4469.266,4469.266
2014-10-01,4459.805,4459.805,4154.852,4201.836,4201.836
2014-11-03,4172.156,4172.156,3742.98,3742.98,3742.98
2014-12-01,3827.075,3827.075,3232.798,3232.798,3232.798
2015-01-01,3232.798,3232.798,2878.385,2990.452,2990.452
2015-02-02,3041.532,3221.644,3038.18,3183.792,3183.792
2015-03-02,3121.984,3154.551,2894.217,2967.121,2967.121
2015-04-01,3042.351,3295.219,2999.43,3295.219,3295.219
2015-05-01,3282.228,3335.081,3142.283,3229.743,3229.743
2015-06-01,3225.205,3277.026,3153.758,3226.117,3226.117
2015-07-01,3167.137,3175.726,2771.167,2771.167,2771.167
2015-08-03,2700.083,2779.468,2448.549,2779.468,2779.468
2015-09-01,2657.507,2697.88,2577.263,2603.622,2603.622
2015-10-01,2584.551,2735.798,2521.964,2609.596,2609.596
2015-11-02,2588.716,2643.552,2373.658,2375.621,2375.621
2015-12-01,2386.579,2386.579,2124.236,2170.615,2170.615
2016-01-01,2170.615,2170.615,1860.661,2058.378,2058.378
2016-02-01,2005.392,2021.723,1871.051,2016.989,2016.989
2016-03-01,2024.285,2210.784,2024.285,2116.436,2116.436
2016-04-01,2070.556,2331.045,2031.363,2331.045,2331.045
2016-05-02,2296.962,2388.668,2211.317,2382.751,2382.751
2016-06-01,2387.4,2497.275,2321.106,2384.661,2384.661
2016-07-01,2400.04,2400.04,2139.233,2156.498,2156.498
2016-08-01,2112.299,2336.561,2102.292,2194.648,2194.648
2016-09-01,2154.703,2285.608,2154.703,2285.608,2285.608
2016-10-03,2300.337,2365.705,2251.388,2251.388,2251.388
2016-11-01,2245.066,2308.46,2139.973,2308.46,2308.46
2016-12-01,2354.681,2423.139,2342.139,2417.311,2417.311
2017-01-02,2417.311,2417.407,2353.019,2383.157,2383.157
2017-02-01,2418.545,2428.42,2374.367,2388.695,2388.695
2017-03-01,2394.746,2394.746,2226.928,2295.187,2295.187
2017-04-03,2279.809,2358.383,2232.776,2246.846,2246.846
2017-05-01,2240.402,2304.412,2159.391,2212.328,2212.328
2017-06-01,2209.488,2209.488,2053.658,2169.813,2169.813
2017-07-03,2201.153,2269.294,2130.207,2269.294,2269.294
2017-08-01,2239.534,2258.003,2182.389,2251.665,2251.665
2017-09-01,2253.928,2354.972,2253.928,2326.456,2326.456
2017-10-02,2295.602,2415.282,2282.243,2415.282,2415.282
2017-11-01,2415.483,2498.947,2415.483,2448.663,2448.663
2017-12-01,2478.921,2556.708,2393.65,2556.708,2556.708
2018-01-01,2556.708,2683.625,2556.708,2644.127,2644.127
2018-02-01,2665.627,2665.627,2474.593,2555.823,2555.823
2018-03-01,2542.466,2624.743,2523.248,2612.603,2612.603
2018-04-02,2567.746,2744.202,2559.025,2744.202,2744.202
2018-05-01,2716.404,2861.846,2716.404,2783.918,2783.918
2018-06-01,2759.11,2821.646,2665.949,2821.646,2821.646
2018-07-02,2776.562,2793.854,2637.283,2722.025,2722.025
2018-08-01,2679.361,2754.744,2610.648,2751.35,2751.35
2018-09-03,2751.35,2859.443,2700.079,2859.443,2859.443
2018-10-01,2917.345,2956.024,2692.356,2692.356,2692.356
2018-11-01,2660.089,2663.527,2370.127,2388.633,2388.633
2018-12-03,2437.548,2451.221,2161.039,2203.469,2203.469
2019-01-01,2203.469,2430.689,2203.469,2401.535,2401.535
2019-02-01,2433.557,2510.23,2381.474,2493.114,2493.114
2019-03-01,2464.062,2563.012,2464.062,2533.233,2533.233
2019-04-01,2566.273,2666.79,2566.273,2605.409,2605.409
2019-05-01,2605.199,2608.086,2391.415,2391.415,2391.415
2019-06-03,2377.18,2529.418,2338.22,2497.365,2497.365
2019-07-01,2498.304,2561.159,2432.2,2492.076,2492.076
2019-08-01,2378.534,2405.204,2287.876,2351.951,2351.951
2019-09-02,2351.951,2583.636,2325.122,2393.09,2393.09
2019-10-01,2385.517,2474.017,2355.215,2422.876,2422.876
2019-11-01,2478.704,2509.155,2422.573,2422.573,2422.573
2019-12-02,2432.367,2615.493,2432.223,2591.861,2591.861
2020-01-01,2591.861,2642.496,2311.294,2311.294,2311.294
2020-02-03,2267.282,2383.445,2117.394,2117.394,2117.394
2020-03-02,2178.983,2192.246,1467.824,1494.343,1494.343
2020-04-01,1445.109,1610.742,1249.251,1349.817,1349.817
2020-05-01,1346.903,1570.824,1346.903,1570.824,1570.824
2020-06-01,1572.22,1676.858,1572.22,1650.79,1650.79
2020-07-01,1667.291,1732.834,1667.291,1713.464,1713.464
2020-08-03,1738.12,1801.147,1737.705,1792.028,1792.028
2020-09-01,1799.764,1799.764,1673.753,1726.81,1726.81
2020-10-01,1693.712,1782.328,1664.184,1665.082,1665.082
2020-11-02,1685.698,1877.491,1685.698,1865.567,1865.567
2020-12-01,1855.734,1976.955,1855.734,1976.955,1976.955
2021-01-01,1976.955,2103.246,1970.193,2074.698,2074.698
2021-02-01,2104.989,2353.483,2104.989,2294.251,2294.251
2021-03-01,2273.273,2369.657,2215.893,2244.832,2244.832
2021-04-01,2276.577,2443.039,2230.037,2429.595,2429.595
2021-05-03,2447.71,2527.267,2410.267,2490.862,2490.862
2021-06-01,2533.345,2597.793,2498.543,2597.793,2597.793
2021-07-01,2619.852,2649.454,2469.834,2638.689,2638.689
2021-08-02,2601.279,2601.279,2416.896,2577.953,2577.953
2021-09-01,2571.697,2738.284,2566.873,2733.489,2733.489
2021-10-01,2754.096,2929.115,2754.096,2901.006,2901.006