date,return,adjClose
1975-01-01,23.021,123.021
1975-02-01,12.965,138.971
1975-03-01,-2.908,134.929
1975-04-01,7.034,144.420
1975-05-01,-1.371,142.440
1975-06-01,-6.647,132.972
1975-07-01,-3.690,128.066
1975-08-01,2.082,130.732
1975-09-01,-4.407,124.971
1975-10-01,7.978,134.941
1975-11-01,2.212,137.926
1975-12-01,1.948,140.612
1976-01-01,4.110,146.392
1976-02-01,-2.215,143.149
1976-03-01,-2.731,139.240
1976-04-01,-1.052,137.775
1976-05-01,-4.611,131.422
1976-06-01,-0.150,131.225
1976-07-01,-1.663,129.043
1976-08-01,-2.001,126.461
1976-09-01,-2.913,122.777
1976-10-01,-7.183,113.958
1976-11-01,4.683,119.294
1976-12-01,8.674,129.642
1977-01-01,1.005,130.945
1977-02-01,1.021,132.282
1977-03-01,1.112,133.753
1977-04-01,3.516,138.455
1977-05-01,-0.422,137.871
1977-06-01,1.320,139.691
1977-07-01,-1.335,137.826
1977-08-01,4.717,144.327
1977-09-01,4.256,150.470
1977-10-01,2.709,154.546
1977-11-01,-1.574,152.114
1977-12-01,5.652,160.711
1978-01-01,0.032,160.763
1978-02-01,0.207,161.095
1978-03-01,3.042,165.996
1978-04-01,-0.978,164.372
1978-05-01,2.777,168.937
1978-06-01,0.818,170.319
1978-07-01,7.663,183.371
1978-08-01,3.836,190.405
1978-09-01,4.144,198.295
1978-10-01,4.673,207.561
1978-11-01,-8.780,189.337
1978-12-01,5.329,199.427
1979-01-01,0.277,199.980
1979-02-01,2.000,203.979
1979-03-01,6.034,216.287
1979-04-01,1.459,219.443
1979-05-01,-4.729,209.066
1979-06-01,2.796,214.911
1979-07-01,1.791,218.760
1979-08-01,3.161,225.675
1979-09-01,4.911,236.758
1979-10-01,-9.070,215.284
1979-11-01,4.081,224.070
1979-12-01,0.714,225.670
1980-01-01,5.310,237.653
1980-02-01,0.975,239.970
1980-03-01,-14.333,205.575
1980-04-01,10.297,226.743
1980-05-01,2.568,232.566
1980-06-01,7.200,249.310
1980-07-01,1.770,253.723
1980-08-01,0.852,255.885
1980-09-01,1.891,260.724
1980-10-01,3.355,269.471
1980-11-01,-1.598,265.165
1980-12-01,-4.077,254.354
1981-01-01,-3.980,244.231
1981-02-01,-0.792,242.297
1981-03-01,2.380,248.063
1981-04-01,-0.922,245.776
1981-05-01,-7.841,226.505
1981-06-01,-2.750,220.276
1981-07-01,-2.837,214.027
1981-08-01,2.747,219.906
1981-09-01,-9.322,199.406
1981-10-01,3.662,206.709
1981-11-01,11.558,230.600
1981-12-01,-3.238,223.133
1982-01-01,1.368,226.186
1982-02-01,-4.044,217.039
1982-03-01,-0.651,215.626
1982-04-01,3.015,222.127
1982-05-01,-0.108,221.887
1982-06-01,-8.066,203.990
1982-07-01,2.133,208.341
1982-08-01,0.613,209.618
1982-09-01,2.581,215.028
1982-10-01,1.042,217.269
1982-11-01,1.851,221.290
1982-12-01,5.083,232.538
1983-01-01,-0.130,232.236
1983-02-01,3.664,240.745
1983-03-01,4.718,252.104
1983-04-01,7.710,271.541
1983-05-01,-0.877,269.159
1983-06-01,1.604,273.477
1983-07-01,-1.200,270.195
1983-08-01,-1.946,264.937
1983-09-01,1.658,269.330
1983-10-01,-0.130,268.979
1983-11-01,2.771,276.433
1983-12-01,0.815,278.686
1984-01-01,4.106,290.129
1984-02-01,3.223,299.480
1984-03-01,2.192,306.044
1984-04-01,-1.444,301.625
1984-05-01,-7.291,279.633
1984-06-01,-0.406,278.498
1984-07-01,-6.457,260.515
1984-08-01,8.291,282.115
1984-09-01,-1.901,276.752
1984-10-01,0.026,276.824
1984-11-01,-0.272,276.071
1984-12-01,0.364,277.076
1985-01-01,4.313,289.026
1985-02-01,-4.210,276.858
1985-03-01,11.273,308.068
1985-04-01,2.861,316.882
1985-05-01,5.661,334.821
1985-06-01,1.249,339.003
1985-07-01,8.996,369.499
1985-08-01,5.067,388.222
1985-09-01,1.790,395.171
1985-10-01,10.950,438.442
1985-11-01,7.630,471.895
1985-12-01,4.019,490.861
1986-01-01,1.869,500.035
1986-02-01,11.714,558.609
1986-03-01,7.950,603.018
1986-04-01,9.485,660.215
1986-05-01,-8.584,603.542
1986-06-01,4.222,629.023
1986-07-01,-0.496,625.903
1986-08-01,10.724,693.025
1986-09-01,-6.344,649.060
1986-10-01,0.567,652.740
1986-11-01,5.235,686.911
1986-12-01,2.460,703.809
1987-01-01,4.533,735.713
1987-02-01,3.696,762.905
1987-03-01,5.127,802.019
1987-04-01,3.876,833.105
1987-05-01,-0.788,826.540
1987-06-01,3.066,851.882
1987-07-01,3.536,882.004
1987-08-01,0.892,889.872
1987-09-01,0.711,896.199
1987-10-01,-18.867,727.113
1987-11-01,-3.835,699.228
1987-12-01,5.842,740.077
1988-01-01,-3.993,710.526
1988-02-01,5.557,750.010
1988-03-01,3.059,772.953
1988-04-01,1.928,787.855
1988-05-01,-1.692,774.525
1988-06-01,-1.326,764.254
1988-07-01,0.147,765.378
1988-08-01,-4.521,730.775
1988-09-01,5.163,768.505
1988-10-01,9.020,837.824
1988-11-01,0.915,845.490
1988-12-01,0.538,850.039
1989-01-01,3.733,881.771
1989-02-01,-0.876,874.047
1989-03-01,0.691,880.086
1989-04-01,2.865,905.301
1989-05-01,-4.822,861.647
1989-06-01,3.628,892.908
1989-07-01,11.167,992.619
1989-08-01,-1.079,981.908
1989-09-01,2.210,1003.609
1989-10-01,-6.437,939.006
1989-11-01,5.439,990.079
1989-12-01,10.008,1089.166
1990-01-01,-0.078,1088.316
1990-02-01,-2.326,1063.002
1990-03-01,1.656,1080.605
1990-04-01,-2.481,1053.796
1990-05-01,7.769,1135.665
1990-06-01,3.408,1174.368
1990-07-01,4.214,1223.856
1990-08-01,-10.369,1096.955
1990-09-01,-11.624,969.445
1990-10-01,7.798,1045.042
1990-11-01,1.012,1055.618
1990-12-01,-1.420,1040.628
1991-01-01,2.977,1071.607
1991-02-01,8.711,1164.955
1991-03-01,-6.483,1089.431
1991-04-01,-1.129,1077.132
1991-05-01,2.648,1105.654
1991-06-01,-8.108,1016.008
1991-07-01,6.702,1084.100
1991-08-01,1.843,1104.080
1991-09-01,2.935,1136.485
1991-10-01,-2.141,1112.153
1991-11-01,-1.925,1090.744
1991-12-01,7.579,1173.411
1992-01-01,0.259,1176.451
1992-02-01,0.207,1178.886
1992-03-01,-3.266,1140.383
1992-04-01,5.237,1200.105
1992-05-01,5.465,1265.691
1992-06-01,-1.589,1245.579
1992-07-01,-3.748,1198.895
1992-08-01,-0.424,1193.812
1992-09-01,-1.523,1175.630
1992-10-01,-7.369,1088.998
1992-11-01,-0.292,1085.818
1992-12-01,2.255,1110.303
1993-01-01,0.510,1115.966
1993-02-01,1.195,1129.301
1993-03-01,5.360,1189.832
1993-04-01,2.082,1214.604
1993-05-01,1.014,1226.920
1993-06-01,-1.658,1206.578
1993-07-01,0.237,1209.438
1993-08-01,8.757,1315.348
1993-09-01,-0.139,1313.520
1993-10-01,4.003,1366.100
1993-11-01,-2.175,1336.387
1993-12-01,7.479,1436.336
1994-01-01,5.328,1512.864
1994-02-01,-3.462,1460.488
1994-03-01,-2.696,1421.113
1994-04-01,3.888,1476.366
1994-05-01,-4.007,1417.208
1994-06-01,-1.054,1402.271
1994-07-01,5.072,1473.394
1994-08-01,3.161,1519.968
1994-09-01,-3.881,1460.978
1994-10-01,4.383,1525.013
1994-11-01,-3.885,1465.766
1994-12-01,0.605,1474.634
1995-01-01,-0.691,1464.444
1995-02-01,2.178,1496.340
1995-03-01,4.321,1560.997
1995-04-01,3.326,1612.915
1995-05-01,2.102,1646.819
1995-06-01,0.967,1662.744
1995-07-01,5.336,1751.468
1995-08-01,-3.813,1684.684
1995-09-01,3.337,1740.902
1995-10-01,-0.235,1736.811
1995-11-01,0.567,1746.659
1995-12-01,1.956,1780.823
1996-01-01,0.554,1790.689
1996-02-01,2.217,1830.389
1996-03-01,1.304,1854.257
1996-04-01,0.827,1869.592
1996-05-01,1.225,1892.494
1996-06-01,1.033,1912.044
1996-07-01,-1.429,1884.721
1996-08-01,3.082,1942.808
1996-09-01,1.936,1980.420
1996-10-01,2.395,2027.851
1996-11-01,4.888,2126.973
1996-12-01,2.290,2175.681
1997-01-01,0.080,2177.421
1997-02-01,1.355,2206.925
1997-03-01,3.055,2274.347
1997-04-01,-0.541,2262.042
1997-05-01,4.365,2360.781
1997-06-01,4.713,2472.044